Rank,Girl Name,Boy Name
1,Emily,Jacob
2,Emma,Michael
3,Madison,Joshua
4,Olivia,Matthew
5,Hannah,Ethan
6,Abigail,Andrew
7,Isabella,Daniel
8,Ashley,William
9,Samantha,Joseph
10,Elizabeth,Christopher
11,Alexis,Anthony
12,Sarah,Ryan
13,Grace,Nicholas
14,Alyssa,David
15,Sophia,Alexander
16,Lauren,Tyler
17,Brianna,James
18,Kayla,John
19,Natalie,Dylan
20,Anna,Nathan
21,Jessica,Jonathan
22,Taylor,Brandon
23,Chloe,Samuel
24,Hailey,Christian
25,Ava,Benjamin
26,Jasmine,Zachary
27,Sydney,Logan
28,Victoria,Jose
29,Ella,Noah
30,Mia,Justin
31,Morgan,Elijah
32,Julia,Gabriel
33,Kaitlyn,Caleb
34,Rachel,Kevin
35,Katherine,Austin
36,Megan,Robert
37,Alexandra,Thomas
38,Destiny,Connor
39,Jennifer,Evan
40,Allison,Aidan
41,Savannah,Luke
42,Maria,Jack
43,Nicole,Jordan
44,Mackenzie,Angel
45,Haley,Isaiah
46,Brooke,Isaac
47,Makayla,Jason
48,Trinity,Jackson
49,Kylie,Hunter
50,Kaylee,Cameron
51,Paige,Mason
52,Faith,Gavin
53,Lily,Aaron
54,Zoe,Juan
55,Stephanie,Kyle
56,Jenna,Charles
57,Andrea,Luis
58,Riley,Adam
59,Katelyn,Brian
60,Angelina,Aiden
61,Kimberly,Eric
62,Mary,Jayden
63,Madeline,Alex
64,Leah,Sean
65,Lillian,Bryan
66,Michelle,Lucas
67,Amanda,Owen
68,Sara,Nathaniel
69,Sofia,Ian
70,Rebecca,Jesus
71,Jordan,Carlos
72,Alexa,Adrian
73,Gabrielle,Diego
74,Caroline,Julian
75,Vanessa,Cole
76,Gabriella,Ashton
77,Avery,Jeremiah
78,Marissa,Steven
79,Ariana,Timothy
80,Audrey,Seth
81,Jada,Devin
82,Autumn,Chase
83,Maya,Jaden
84,Evelyn,Cody
85,Jocelyn,Colin
86,Arianna,Landon
87,Isabel,Hayden
88,Amber,Xavier
89,Melanie,Carter
90,Diana,Wyatt
91,Danielle,Dominic
92,Sierra,Richard
93,Leslie,Antonio
94,Aaliyah,Jesse
95,Erin,Blake
96,Amelia,Miguel
97,Molly,Sebastian
98,Melissa,Jake
99,Claire,Alejandro
100,Bailey,Patrick
101,Brooklyn,Carson
102,Katie,Victor
103,Catherine,Alexis
104,Nevaeh,Caden
105,Angela,Kaden
106,Amy,Riley
107,Isabelle,Brayden
108,Jacqueline,Bryce
109,Jade,Henry
110,Gabriela,Trevor
111,Madelyn,Jeremy
112,Shelby,Liam
113,Mariah,Mark
114,Gracie,Garrett
115,Mya,Tristan
116,Breanna,Marcus
117,Kennedy,Ivan
118,Daniela,Jorge
119,Adriana,Kenneth
120,Briana,Kaleb
121,Courtney,Vincent
122,Kathryn,Brady
123,Christina,Oscar
124,Gianna,Joel
125,Alexandria,Tanner
126,Lydia,Eduardo
127,Angel,Paul
128,Miranda,Jared
129,Laura,Edward
130,Alicia,Collin
131,Ashlyn,Parker
132,Alexia,Alan
133,Margaret,Cooper
134,Peyton,Conner
135,Sophie,Colton
136,Rylee,Maxwell
137,Kendall,Dakota
138,Kelly,Nicolas
139,Ana,Cristian
140,Summer,Stephen
141,Kylee,Grant
142,Natalia,Josiah
143,Daisy,Peter
144,Reagan,Ricardo
145,Naomi,Gage
146,Lindsey,George
147,Kate,Francisco
148,Kelsey,Jeffrey
149,Sabrina,Omar
150,Cheyenne,Brendan
151,Mckenzie,Spencer
152,Jillian,Preston
153,Alondra,Braden
154,Skylar,Levi
155,Karen,Fernando
156,Mikayla,Derek
157,Paris,Cesar
158,Ruby,Javier
159,Payton,Damian
160,Addison,Eli
161,Caitlin,Nolan
162,Kyla,Micah
163,Crystal,Peyton
164,Juliana,Max
165,Caitlyn,Shane
166,Abby,Travis
167,Layla,Dalton
168,Cassidy,Manuel
169,Delaney,Shawn
170,Charlotte,Andres
171,Mariana,Edgar
172,Bianca,Erik
173,Cassandra,Edwin
174,Valeria,Emmanuel
175,Tiffany,Devon
176,Angelica,Bradley
177,Carly,Jonah
178,Alana,Mario
179,Hope,Malachi
180,Valerie,Erick
181,Jasmin,Ty
182,Giselle,Ayden
183,Erica,Johnathan
184,Genesis,Wesley
185,Jazmin,Colby
186,Jordyn,Donovan
187,Kiara,Trenton
188,Mallory,Raymond
189,Ellie,Giovanni
190,Aubrey,Jalen
191,Serenity,Marco
192,Erika,Hector
193,Veronica,Abraham
194,Chelsea,Gregory
195,Karla,Leonardo
196,Sadie,Damien
197,Karina,Dillon
198,Eva,Clayton
199,Jamie,Andre
200,Julianna,Bryson
201,Brenda,Sergio
202,Mckenna,Roberto
203,Lucy,Martin
204,Celeste,Jaylen
205,Maggie,Andy
206,Alejandra,Dawson
207,Bethany,Elias
208,Zoey,Josue
209,Amaya,Harrison
210,Adrianna,Brody
211,Esmeralda,Corey
212,Lilly,Drew
213,Makenzie,Mitchell
214,Elena,Scott
215,Nadia,Israel
216,Jayla,Taylor
217,Meghan,Dominick
218,Cadence,Ruben
219,Ariel,Calvin
220,Kyra,Braxton
221,Aliyah,Miles
222,Cynthia,Brett
223,Liliana,Dustin
224,Camryn,Rafael
225,Monica,Avery
226,Elise,Pedro
227,Makenna,Troy
228,Kailey,Oliver
229,Alison,Jace
230,Hanna,Frank
231,Vivian,Zane
232,Lizbeth,Ronald
233,Macy,Camden
234,Desiree,Skyler
235,Rebekah,Jakob
236,Jayden,Gerardo
237,Haylee,Trey
238,Allyson,Payton
239,Carmen,Roman
240,Brittany,Armando
241,Lindsay,Griffin
242,Josephine,Raul
243,Nina,Malik
244,Heather,Marcos
245,Jazmine,Brock
246,Asia,Alec
247,Hayley,Derrick
248,Jaden,Kai
249,Kara,Phillip
250,Laila,Chance
251,Cameron,Johnny
252,Joanna,Keith
253,Camille,Cade
254,Carolina,Simon
255,Katelynn,Allen
256,Shannon,Enrique
257,Keira,Keegan
258,Reese,Trent
259,Selena,Jaiden
260,Bella,Xander
261,Julie,Casey
262,Aniya,Drake
263,Diamond,Donald
264,Kristen,Cayden
265,Raven,Leo
266,Piper,Fabian
267,Guadalupe,Jaxon
268,Heaven,Julio
269,Alaina,Angelo
270,Claudia,Corbin
271,Kendra,Dante
272,Fatima,Grayson
273,Savanna,Jaime
274,Miriam,Kyler
275,Kira,Lance
276,Tessa,Kameron
277,Dakota,Emanuel
278,April,Brenden
279,Cecilia,Zander
280,Sandra,Jimmy
281,Katrina,Landen
282,Michaela,Chandler
283,Clara,Alberto
284,Ashlee,Darius
285,Kayleigh,Tyson
286,Anastasia,Adan
287,Ashlynn,Tucker
288,Camila,Zackary
289,Nancy,Saul
290,Tatiana,Gustavo
291,Stella,Mathew
292,Jadyn,Santiago
293,Holly,Jerry
294,Allie,Lukas
295,Aniyah,Lorenzo
296,Esther,Myles
297,Kaitlin,Emilio
298,Kirsten,Nickolas
299,Kamryn,Lane
300,Annabelle,Brennan
301,Eleanor,Nikolas
302,Serena,Louis
303,Alayna,Pablo
304,Natasha,Danny
305,Cindy,Quinn
306,Nora,Aden
307,Wendy,Philip
308,Kaylie,Arturo
309,Bridget,Morgan
310,Skyler,Dennis
311,Julissa,Kaiden
312,Melody,Zion
313,Emilee,Theodore
314,Eliana,Damon
315,Emely,Ezekiel
316,Kathleen,Randy
317,Patricia,Kayden
318,Rylie,Bryant
319,Lexi,Jayson
320,Eliza,Mateo
321,Aurora,Tony
322,Ciara,Curtis
323,Tara,Yahir
324,Josie,Braeden
325,Kristina,Axel
326,Daniella,Gary
327,Annika,Jonathon
328,Fiona,Alfredo
329,Jayda,Hudson
330,Brenna,Quentin
331,Alivia,Tristen
332,Madeleine,Ismael
333,Alissa,Larry
334,Talia,Marc
335,Marisa,Asher
336,Meredith,Brayan
337,Mercedes,Darren
338,Yasmin,Albert
339,Yesenia,Camron
340,Eden,Amir
341,Leilani,Ryder
342,Paola,Salvador
343,Heidi,Chad
344,Kassandra,Mekhi
345,Callie,Ramon
346,Brooklynn,Jay
347,Priscilla,Joe
348,Shayla,Cory
349,Cierra,Ernesto
350,Britney,Charlie
351,Ruth,Esteban
352,Logan,Douglas
353,Denise,Marvin
354,Leila,Keaton
355,Rose,Arthur
356,Nia,Abel
357,Marina,Dallas
358,Sage,Ricky
359,Brynn,Moises
360,Itzel,Orlando
361,Perla,Eddie
362,Harley,Lawrence
363,Kiana,Russell
364,Helen,Emiliano
365,Samara,Walter
366,Georgia,Hugo
367,Clarissa,Jude
368,Sasha,Mauricio
369,Christine,Carl
370,Rachael,Gael
371,Janiya,Holden
372,Tori,Dean
373,Kiley,Rylan
374,Sidney,Davis
375,Tamia,Kristopher
376,Iris,Marshall
377,Kaydence,Ezra
378,Angie,Maddox
379,Kiera,Ali
380,Kyleigh,Walker
381,Anahi,Weston
382,Casey,Julius
383,Annie,Isiah
384,Tatum,Maurice
385,Shania,Joaquin
386,Ivy,Kade
387,Halle,Rodrigo
388,Imani,Tate
389,Lauryn,Reese
390,Kadence,Micheal
391,Nayeli,Reece
392,Bryanna,Felix
393,Hailee,Tommy
394,Alina,Luca
395,Izabella,Chris
396,Marisol,Issac
397,Ximena,Elliot
398,Anne,Shaun
399,Ainsley,Caiden
400,Skye,Terry
401,Madalyn,Justice
402,Alice,Beau
403,Kassidy,Javon
404,Genevieve,Bennett
405,Phoebe,Brent
406,Liberty,Guillermo
407,Lesly,Amari
408,Madisyn,Kody
409,Teresa,Jon
410,Nyla,Osvaldo
411,Ryleigh,Jaylin
412,Joselyn,Kelvin
413,Lucia,Roger
414,Paulina,Braydon
415,Maritza,Deandre
416,Rosa,Kobe
417,Ashleigh,Jeffery
418,Carolyn,Khalil
419,Linda,Zachariah
420,Regan,Easton
421,Taryn,Branden
422,Gloria,Zachery
423,Amya,Graham
424,Lacey,Jamari
425,Alexus,Jadon
426,Francesca,Jaylon
427,Dayanara,Maximus
428,Lisa,Toby
429,Dana,Silas
430,Jaiden,Melvin
431,Krystal,Declan
432,Tiana,Rodney
433,Viviana,Bailey
434,Elisabeth,Davion
435,Ryan,Nathanael
436,Kaylin,Dorian
437,Cora,Demetrius
438,Hallie,Sam
439,Cristina,Sawyer
440,Virginia,Noe
441,Amari,Felipe
442,Isabela,Reid
443,Tabitha,Allan
444,Raquel,Jamal
445,Noelle,Uriel
446,Jenny,Marquis
447,Alisha,Frederick
448,Larissa,Omarion
449,Malia,Bobby
450,Whitney,Rene
451,Deanna,Trevon
452,Janet,Noel
453,Kaitlynn,Conor
454,Madyson,Jessie
455,Kiersten,Nelson
456,Alyson,Jonas
457,Elaina,Elliott
458,Emilie,Billy
459,Jane,Brendon
460,Dulce,Jermaine
461,Nataly,Harley
462,Monique,Jaxson
463,Kaleigh,Gerald
464,Jimena,Damion
465,Lana,Wilson
466,Tania,Desmond
467,Ayanna,Roy
468,Anya,Quincy
469,Emilia,Dane
470,Carla,Skylar
471,Carissa,Leonel
472,Alanna,Terrance
473,Sarai,Bruce
474,Macie,Rogelio
475,Renee,Quinton
476,Dylan,Rowan
477,Simone,Solomon
478,India,Nasir
479,Anika,Craig
480,Joy,Rohan
481,America,Kenny
482,Valentina,Tomas
483,Miracle,Reed
484,Jessie,Kristian
485,Marlene,Terrell
486,Marie,Kanye
487,Brielle,Ahmad
488,Athena,Joey
489,Brittney,Franklin
490,Lila,Amarion
491,Haleigh,Reginald
492,Raegan,Jaydon
493,Elle,Kolby
494,Elisa,Jaquan
495,Ellen,Moses
496,Justice,Triston
497,Martha,Willie
498,Fernanda,Rodolfo
499,Baylee,Kadin
500,Laci,Tobias
501,Dominique,Zackery
502,Carlie,Devan
503,Johanna,Isaias
504,Madilyn,Kendall
505,Jaelyn,Mohamed
506,Tia,Steve
507,Yasmine,Dayton
508,Cara,Johnathon
509,Alessandra,Byron
510,Aileen,Alvin
511,Anaya,Deven
512,Carley,Pierce
513,Kendal,Kellen
514,Maddison,Maximilian
515,Jaqueline,Cyrus
516,Marley,Jameson
517,Lola,Jarrett
518,Abbigail,Kendrick
519,Kaley,Wade
520,Kristin,Leon
521,Lena,Marlon
522,Destinee,Jayce
523,Teagan,Alfonso
524,Janessa,Francis
525,Litzy,Ahmed
526,Lilian,Rolando
527,Pamela,Will
528,Scarlett,Ben
529,Kailee,Warren
530,Trista,Trace
531,Kierra,Harry
532,Ashanti,Ramiro
533,Isis,Malcolm
534,Kailyn,Jamie
535,Mckayla,Everett
536,Lexie,Todd
537,Haylie,Gilberto
538,Judith,Rocco
539,Irene,Izaiah
540,Kaya,Ronnie
541,Krista,Jamarion
542,Kali,Addison
543,Laney,Adolfo
544,Janelle,Kieran
545,Susan,Grady
546,Karissa,Deshawn
547,Madelynn,Alonzo
548,Araceli,Darian
549,Willow,River
550,Aspen,Orion
551,Sharon,Phoenix
552,Katlyn,Ariel
553,Sonia,Jerome
554,Zoie,Lincoln
555,Gillian,Stanley
556,Mikaela,Lee
557,Maci,Rudy
558,Precious,Darrell
559,Sylvia,Judah
560,Helena,Gilbert
561,Maia,Cruz
562,Cristal,Tyrone
563,Yadira,Tristin
564,Cheyanne,Vicente
565,Presley,Ezequiel
566,Charity,Blaine
567,Abbey,Duncan
568,Kaelyn,Quintin
569,Tamara,Finn
570,Janiyah,Omari
571,Abbie,Randall
572,Lillie,Titus
573,Marilyn,Johan
574,Thalia,Gunnar
575,Gina,Jamison
576,Harmony,Colten
577,Tyler,Jasper
578,Janae,Ray
579,Kasey,Leonard
580,Sherlyn,Nehemiah
581,Arely,Cedric
582,Hayden,Clay
583,Karlee,Eugene
584,Violet,Keenan
585,Mariela,Cristopher
586,Melany,Efrain
587,Skyla,Ibrahim
588,Adeline,Kyan
589,Daphne,Abram
590,Norah,Alvaro
591,Gwendolyn,Ulises
592,Deja,Davin
593,Gisselle,Tyrese
594,Ally,Anderson
595,Delilah,Ernest
596,Meagan,Reagan
597,Amani,Gunner
598,Shaniya,Wayne
599,Jaida,Elisha
600,Lorena,Maximiliano
601,Luz,Tyrell
602,Mayra,Romeo
603,Angelique,Jett
604,Noemi,Jordon
605,Macey,Karson
606,Estrella,Terrence
607,Amara,Dale
608,Sienna,Jair
609,Alma,Moshe
610,Lesley,Aldo
611,Eve,Ross
612,Roselyn,Camren
613,Rubi,Harold
614,Saniya,Jairo
615,Lia,Mohammed
616,Karlie,Tyree
617,Lea,Brodie
618,Jacquelyn,Jabari
619,Bailee,Kareem
620,Ingrid,Jase
621,Jolie,Davon
622,Nathalie,Emmett
623,Rhiannon,Mohammad
624,Charlize,Mike
625,Lizeth,Neil
626,Dayana,Brennen
627,Melina,Gianni
628,Reyna,Julien
629,Tiara,Porter
630,Carlee,Antoine
631,Kenya,Kole
632,Stacy,Lewis
633,Kaila,Alijah
634,Tanya,Brooks
635,Julianne,Keshawn
636,Kennedi,Markus
637,Kelsie,Coleman
638,Barbara,Jamar
639,Deborah,Kolton
640,Frances,Aron
641,Mara,Dominik
642,Danna,Freddy
643,Arielle,Ronan
644,Kenzie,Aryan
645,Penelope,Alexzander
646,Regina,Layne
647,Tess,Brice
648,Emmalee,Donte
649,Jamya,Dashawn
650,Juliet,Junior
651,Amira,Misael
652,Clare,Cohen
653,Jazlyn,Agustin
654,Jazmyn,Octavio
655,Paula,Dominique
656,Kaylynn,Devyn
657,Brandy,Greyson
658,Aisha,Jaron
659,Lilliana,Jefferson
660,Aimee,Sage
661,Parker,Brycen
662,Elaine,Josh
663,Ansley,Zechariah
664,Cassie,Irvin
665,Jaylin,Salvatore
666,Ashton,Aydan
667,Haven,Dillan
668,London,Kamron
669,Brandi,Braiden
670,Kayley,Ignacio
671,Theresa,Raphael
672,Justine,Asa
673,Zaria,August
674,Jaclyn,Garret
675,Alena,Sterling
676,Celia,Alessandro
677,Juliette,Alonso
678,Sanaa,Ari
679,Taliyah,Giancarlo
680,Sydnee,Glenn
681,Hazel,Muhammad
682,Mariam,Jaeden
683,Edith,Nathanial
684,Ann,Draven
685,Aria,Dwayne
686,Giovanna,Humberto
687,Quinn,Jean
688,Aiyana,Waylon
689,Kaylyn,Rigoberto
690,Marianna,Damarion
691,Hana,Gideon
692,Hadley,Heath
693,Shyanne,Keagan
694,Karli,Nico
695,Annette,Karl
696,Aleah,Elvis
697,Cecelia,Darryl
698,Kaia,Jaylan
699,Taniya,Coby
700,Savanah,Kane
701,Alisa,Matteo
702,Colleen,Isai
703,Monserrat,Reynaldo
704,Tyra,Derick
705,Yazmin,Braylon
706,Kya,Javion
707,Felicity,Kasey
708,Greta,Darnell
709,Rowan,Korbin
710,Maeve,Cullen
711,Tatyana,Keon
712,Rosemary,Ralph
713,Tianna,Braedon
714,Ayla,Oswaldo
715,Jaidyn,Rhett
716,Damaris,Xzavier
717,Lyric,Alfred
718,Aracely,Emerson
719,Breana,Sidney
720,Hailie,Gaven
721,Liana,Roderick
722,Ryann,Kian
723,Adrienne,Rashad
724,Luna,Rory
725,Elyse,Lawson
726,Chasity,Clark
727,Annabella,Lamar
728,Aubree,Armani
729,Frida,Marquise
730,Ayana,Alexandro
731,Carina,Clinton
732,Kaliyah,Donavan
733,Amiya,Hamza
734,Saige,Alden
735,Lara,Justus
736,Rebeca,Sincere
737,Eileen,Conrad
738,Maura,Semaj
739,Chelsey,Garrison
740,Laurel,Jaheim
741,Nya,Mathias
742,Kayden,Yair
743,Hunter,Frankie
744,Leticia,Arjun
745,Princess,Clarence
746,Annalise,Darien
747,Corinne,Denzel
748,Tina,Konner
749,Esperanza,Gavyn
750,Stephany,Dangelo
751,Brisa,Jovan
752,Chaya,Aditya
753,Gia,Gordon
754,Cali,Anton
755,Toni,Milton
756,Yareli,Luciano
757,Leanna,Jovani
758,Joyce,Keyshawn
759,Micah,Ronaldo
760,Jakayla,Santino
761,Aliya,Sheldon
762,Jaylynn,Antony
763,Devin,Bernard
764,Karly,Estevan
765,Catalina,Talon
766,Maribel,Nigel
767,Meadow,Malakai
768,Abigayle,Maverick
769,Jewel,Milo
770,Nichole,Nathen
771,Jaylene,Pranav
772,Keely,Roland
773,Evelin,Santos
774,Shaylee,Adrien
775,Kayli,Howard
776,Aliza,Jan
777,Aryanna,Demarcus
778,Lizette,Barrett
779,Mollie,Cale
780,Rayna,Rylee
781,Cayla,Seamus
782,Donna,Adonis
783,Antonia,Devonte
784,Shea,Vance
785,Kianna,Kurt
786,Myah,Ryker
787,Mattie,Vaughn
788,Yvette,Bruno
789,Joslyn,Tristian
790,Katharine,Bradyn
791,Laisha,Cash
792,Shyann,Kylan
793,Jaliyah,Marques
794,Tayler,Prince
795,Lainey,Fredrick
796,Kenna,Jorden
797,Campbell,Stefan
798,Raina,Baby
799,Celine,Dexter
800,Sandy,Enzo
801,Shayna,Kale
802,Jacey,Jadyn
803,Sheila,Adriel
804,Iliana,Hassan
805,Kimora,Kamari
806,Magdalena,Keyon
807,Hillary,Matthias
808,Taniyah,Perry
809,Yoselin,Cason
810,Carrie,Dandre
811,Micaela,Samir
812,Salma,Davian
813,Elsa,Leroy
814,Essence,Remington
815,Jenifer,Deon
816,Amiyah,Ean
817,Candace,Jaidyn
818,Ebony,Blaze
819,Jalyn,Darwin
820,Marlee,Demarion
821,Christian,Kelton
822,Alysa,Daquan
823,Amaris,Jacoby
824,Halie,Sammy
825,Libby,Clifford
826,Madalynn,German
827,Alia,Houston
828,Dalia,Quinten
829,Ciera,Reuben
830,Makena,Winston
831,Galilea,Zain
832,Stacey,Dylon
833,Xiomara,Cannon
834,Ada,Chaim
835,Desirae,Giovanny
836,Destiney,Brad
837,Marin,Ellis
838,Reina,Marcel
839,Abril,Sonny
840,Moriah,Yosef
841,Patience,Augustus
842,Amelie,Kaeden
843,Ashly,Konnor
844,Jasmyn,Jakobe
845,Joana,Landyn
846,Mandy,Zakary
847,Susana,Dion
848,Devon,Geoffrey
849,Annabel,Luka
850,Carol,Norman
851,Dorothy,Simeon
852,Paloma,Braulio
853,Giana,Dario
854,Shreya,Elmer
855,Graciela,Nick
856,Katarina,Soren
857,Nicolette,Elian
858,Areli,Madison
859,Aubrie,Gonzalo
860,Isabell,Kenyon
861,Janice,Stephan
862,Nikki,Bo
863,Rocio,Darion
864,Blanca,Nikhil
865,Iyanna,Andon
866,Karley,Gannon
867,Lucille,Jordy
868,Kathy,Jovany
869,Ali,London
870,Calista,Jaren
871,Fabiola,Keanu
872,Kaiya,Mikel
873,Diya,Shannon
874,Katelin,Tariq
875,Lacie,Maximillian
876,Madisen,Shamar
877,Yuliana,Brenton
878,Felicia,Aydin
879,Phoenix,Bernardo
880,Elissa,Deangelo
881,Kaylah,Koby
882,Abigale,Nestor
883,Aryana,Paxton
884,Belen,Blaise
885,Mina,Domenic
886,Gretchen,Ethen
887,Harper,Guadalupe
888,Lina,Dwight
889,Treasure,Heriberto
890,Aleena,Jaydin
891,Elyssa,Jovanni
892,Lacy,Matias
893,Saniyah,Shea
894,Sarahi,Arnav
895,Iyana,Franco
896,Savana,Maxim
897,Addyson,Haden
898,Diane,Maximo
899,Jaycee,Abdullah
900,Amina,Deacon
901,Devyn,Arnold
902,Noelia,Savion
903,Anissa,Gino
904,Emerson,Isaak
905,Kasandra,Ryland
906,Mira,Teagan
907,Reilly,Thaddeus
908,Anita,Travon
909,Keyla,Boston
910,Maleah,Dallin
911,Rhea,Stephon
912,Bryn,Turner
913,Camilla,Jamir
914,Jaylyn,Jovanny
915,Karis,Carmelo
916,Natalee,Eddy
917,Sally,Antwan
918,Aylin,Chaz
919,Chanel,Cortez
920,Gracelyn,Josef
921,Kenia,Kamden
922,Alize,Lamont
923,Brianne,Hugh
924,Chana,Zack
925,Jaylee,Irving
926,Destini,Kennedy
927,Lyndsey,Malaki
928,Maliyah,Marcelo
929,Journey,Stone
930,Margarita,Jamel
931,Abagail,Jordyn
932,Beatriz,Rex
933,Christiana,Darrius
934,Kelli,Keven
935,Nathaly,Koda
936,Joelle,Tyshawn
937,Jackeline,Atticus
938,Jailyn,Benny
939,Kallie,Deshaun
940,Lilia,Javen
941,Nyasia,Rhys
942,Astrid,Shayne
943,Jaime,Vincenzo
944,Maren,Zavier
945,Maryam,Earl
946,Miah,Jaleel
947,Mireya,Kamren
948,Bria,Kevon
949,Jayleen,Branson
950,Livia,Carlo
951,Tracy,Korey
952,Janiah,Layton
953,Melisa,Sullivan
954,Robin,Marquez
955,Sydnie,Samson
956,Ashtyn,Cael
957,Gwyneth,Elvin
958,Citlali,Haiden
959,Jaylen,Niko
960,Jana,Truman
961,Jazmyne,Fletcher
962,Robyn,Tayshaun
963,Tamya,Barry
964,Taya,Cornelius
965,Anabel,Dimitri
966,Kourtney,Raymundo
967,Lorelei,Yusuf
968,Riya,Zaid
969,Zariah,Zaire
970,Delia,Andreas
971,Sydni,Efren
972,Lexus,Jayvon
973,Angeles,Kerry
974,Arlene,Tre
975,Dania,Trenten
976,Dasia,Trever
977,Dianna,Darin
978,Ericka,Jeramiah
979,Kaci,Rishi
980,Roxana,Immanuel
981,Kalyn,Jarvis
982,Yaritza,Kason
983,Alex,Rey
984,Averie,Broderick
985,Carli,Darrin
986,Christa,Trevion
987,Drew,Guy
988,Selina,Jarod
989,Shirley,Reilly
990,Katy,Cordell
991,Yessenia,Nash
992,Jalynn,Trevin
993,Makaila,Cristofer
994,Montana,Destin
995,Samira,Eliezer
996,Carson,Fisher
997,Casandra,Menachem
998,Darlene,Rahul
999,Estefania,Amos
1000,Heidy,Fidel
